Acer Aspire 4810T	<nixos-hardware/acer/aspire/4810t>
Airis N990	<nixos-hardware/airis/n990>
Apple iMac 12,2	<nixos-hardware/apple/imac/12-2>
Apple iMac 14.2	<nixos-hardware/apple/imac/14-2>
Apple iMac 18.2	<nixos-hardware/apple/imac/18-2>
Apple MacBook Air 3,X	<nixos-hardware/apple/macbook-air/3>
Apple MacBook Air 4,X	<nixos-hardware/apple/macbook-air/4>
Apple MacBook Air 5,X	<nixos-hardware/apple/macbook-air/5>
Apple MacBook Air 6,X	<nixos-hardware/apple/macbook-air/6>
Apple MacBook Air 7,X	<nixos-hardware/apple/macbook-air/7>
Apple MacBook Pro 8,1	<nixos-hardware/apple/macbook-pro/8-1>
Apple MacBook Pro 10,1	<nixos-hardware/apple/macbook-pro/10-1>
Apple MacBook Pro 11,1	<nixos-hardware/apple/macbook-pro/11-1>
Apple MacBook Pro 11,4	<nixos-hardware/apple/macbook-pro/11-4>
Apple MacBook Pro 11,5	<nixos-hardware/apple/macbook-pro/11-5>
Apple MacBook Pro 12,1	<nixos-hardware/apple/macbook-pro/12-1>
Apple MacBook Pro 14,1	<nixos-hardware/apple/macbook-pro/14-1>
Apple MacMini (2010, Intel, Nvidia)	<nixos-hardware/apple/macmini/4>
Apple Macs with a T2 Chip	<nixos-hardware/apple/t2>
Aoostar R1 N100	<nixos-hardware/aoostar/r1/n100>
Asus Pro WS X570-ACE	<nixos-hardware/asus/pro-ws-x570-ace>
Asus ROG Ally RC71L (2023)	<nixos-hardware/asus/ally/rc71l>
Asus ROG Flow X13 GV302X* (2023)	<nixos-hardware/asus/flow/gv302x/amdgpu>
Asus ROG Flow X13 GV302X* (2023)	<nixos-hardware/asus/flow/gv302x/nvidia>
Asus ROG Flow Z13 gz301vu* (2023)	<nixos-hardware/asus/flow/gz301vu>
Asus ROG GL552VW	<nixos-hardware/asus/rog-gl552vw>
Asus ROG Strix G513IM	<nixos-hardware/asus/rog-strix/g513im>
Asus ROG Strix G533ZW	<nixos-hardware/asus/rog-strix/g533zw>
Asus ROG Strix G533Q	<nixos-hardware/asus/rog-strix/g533q>
Asus ROG Strix G713IE	<nixos-hardware/asus/rog-strix/g713ie>
Asus ROG Strix G733QS	<nixos-hardware/asus/rog-strix/g733qs>
Asus ROG Strix X570-E GAMING	<nixos-hardware/asus/rog-strix/x570e>
Asus ROG Zephyrus G14 GA401IV (2020)	<nixos-hardware/asus/zephyrus/ga401iv>
Asus ROG Zephyrus G14 GA401 (2021)	<nixos-hardware/asus/zephyrus/ga401>
Asus ROG Zephyrus G14 GA402	<nixos-hardware/asus/zephyrus/ga402>
Asus ROG Zephyrus G14 GA402X* (2023)	<nixos-hardware/asus/zephyrus/ga402x/amdgpu>
Asus ROG Zephyrus G14 GA402X* (2023)	<nixos-hardware/asus/zephyrus/ga402x/nvidia>
Asus ROG Zephyrus G15 GA502	<nixos-hardware/asus/zephyrus/ga502>
Asus ROG Zephyrus G15 GA503	<nixos-hardware/asus/zephyrus/ga503>
Asus ROG Zephyrus G16 GU605CW	<nixos-hardware/asus/zephyrus/gu605cw>
Asus ROG Zephyrus G16 GU605MY	<nixos-hardware/asus/zephyrus/gu605my>
Asus ROG Zephyrus M16 GU603H	<nixos-hardware/asus/zephyrus/gu603h>
Asus TUF FX504GD	<nixos-hardware/asus/fx504gd>
Asus TUF FX506HM	<nixos-hardware/asus/fx506hm>
Asus TUF FA506IC	<nixos-hardware/asus/fa506ic>
Asus TUF FA507RM	<nixos-hardware/asus/fa507rm>
Asus TUF FA507NV	<nixos-hardware/asus/fa507nv>
Asus TUF FA706IC	<nixos-hardware/asus/fa706ic>
Asus Zenbook Duo 14 UX481	<nixos-hardware/asus/zenbook/ux481/intelgpu>
Asus Zenbook Duo 14 UX481	<nixos-hardware/asus/zenbook/ux481/nvidia>
Asus Zenbook Flip S13 UX371	<nixos-hardware/asus/zenbook/ux371>
Asus Zenbook Pro 15 UX535	<nixos-hardware/asus/zenbook/ux535>
Asus Zenbook Pro 17 UM6702	<nixos-hardware/asus/zenbook/um6702>
Asrock Rack ALTRAD8UD-1L2T	<nixos-hardware/asrock-rack/altrad8ud-1l2t>
BeagleBoard PocketBeagle	<nixos-hardware/beagleboard/pocketbeagle>
Chuwi MiniBook X	<nixos-hardware/chuwi/minibook-x>
Deciso DEC series	<nixos-hardware/deciso/dec>
Dell G3 3779	<nixos-hardware/dell/g3/3779>
Dell G3 3579	<nixos-hardware/dell/g3/3579>
Dell Inspiron 3442	<nixos-hardware/dell/inspiron/3442>
Dell Inspiron 14 5420	<nixos-hardware/dell/inspiron/14-5420>
Dell Inspiron 5509	<nixos-hardware/dell/inspiron/5509>
Dell Inspiron 5515	<nixos-hardware/dell/inspiron/5515>
Dell Inspiron 7405	<nixos-hardware/dell/inspiron/7405>
Dell Inspiron 7460	<nixos-hardware/dell/inspiron/7460>
Dell Inspiron 7559	<nixos-hardware/dell/inspiron/7559>
Dell Latitude 3340	<nixos-hardware/dell/latitude/3340>
Dell Latitude 3480	<nixos-hardware/dell/latitude/3480>
Dell Latitude 5490	<nixos-hardware/dell/latitude/5490>
Dell Latitude 5520	<nixos-hardware/dell/latitude/5520>
Dell Latitude 7280	<nixos-hardware/dell/latitude/7280>
Dell Latitude 7390	<nixos-hardware/dell/latitude/7390>
Dell Latitude 7420	<nixos-hardware/dell/latitude/7420>
Dell Latitude 7430	<nixos-hardware/dell/latitude/7430>
Dell Latitude 7490	<nixos-hardware/dell/latitude/7490>
Dell Latitude 9430	<nixos-hardware/dell/latitude/9430>
Dell Latitude E7240	<nixos-hardware/dell/latitude/e7240>
Dell Optiplex 3050	<nixos-hardware/dell/optiplex/3050>
Dell Poweredge R7515	<nixos-hardware/dell/poweredge/r7515>
Dell Precision 3490, nvidia	<nixos-hardware/dell/precision/3490/nvidia>
Dell Precision 3490, intel	<nixos-hardware/dell/precision/3490/intel>
Dell Precision 3541	<nixos-hardware/dell/precision/3541>
Dell Precision 5490	<nixos-hardware/dell/precision/5490>
Dell Precision 5530	<nixos-hardware/dell/precision/5530>
Dell Precision 5560	<nixos-hardware/dell/precision/5560>
Dell Precision 5570	<nixos-hardware/dell/precision/5570>
Dell Precision 7520	<nixos-hardware/dell/precision/7520>
Dell XPS 13 7390	<nixos-hardware/dell/xps/13-7390>
Dell XPS 13 9300	<nixos-hardware/dell/xps/13-9300>
Dell XPS 13 9310	<nixos-hardware/dell/xps/13-9310>
Dell XPS 13 9315	<nixos-hardware/dell/xps/13-9315>
Dell XPS 13 9333	<nixos-hardware/dell/xps/13-9333>
Dell XPS 13 9343	<nixos-hardware/dell/xps/13-9343>
Dell XPS 13 9350	<nixos-hardware/dell/xps/13-9350>
Dell XPS 13 9360	<nixos-hardware/dell/xps/13-9360>
Dell XPS 13 9370	<nixos-hardware/dell/xps/13-9370>
Dell XPS 13 9380	<nixos-hardware/dell/xps/13-9380>
Dell XPS 15 7590, nvidia	<nixos-hardware/dell/xps/15-7590/nvidia>
Dell XPS 15 7590	<nixos-hardware/dell/xps/15-7590>
Dell XPS 15 9500, nvidia	<nixos-hardware/dell/xps/15-9500/nvidia>
Dell XPS 15 9500	<nixos-hardware/dell/xps/15-9500>
Dell XPS 15 9510, nvidia	<nixos-hardware/dell/xps/15-9510/nvidia>
Dell XPS 15 9510	<nixos-hardware/dell/xps/15-9510>
Dell XPS 15 9520, nvidia	<nixos-hardware/dell/xps/15-9520/nvidia>
Dell XPS 15 9520	<nixos-hardware/dell/xps/15-9520>
Dell XPS 15 9530, nvidia	<nixos-hardware/dell/xps/15-9530/nvidia>
Dell XPS 15 9530	<nixos-hardware/dell/xps/15-9530>
Dell XPS 15 9550, nvidia	<nixos-hardware/dell/xps/15-9550/nvidia>
Dell XPS 15 9550	<nixos-hardware/dell/xps/15-9550>
Dell XPS 15 9560, intel only	<nixos-hardware/dell/xps/15-9560/intel>
Dell XPS 15 9560, nvidia only	<nixos-hardware/dell/xps/15-9560/nvidia>
Dell XPS 15 9560	<nixos-hardware/dell/xps/15-9560>
Dell XPS 15 9570, intel only	<nixos-hardware/dell/xps/15-9570/intel>
Dell XPS 15 9570, nvidia	<nixos-hardware/dell/xps/15-9570/nvidia>
Dell XPS 15 9570	<nixos-hardware/dell/xps/15-9570>
Dell XPS 17 9700, intel	<nixos-hardware/dell/xps/17-9700/intel
Dell XPS 17 9700, nvidia	<nixos-hardware/dell/xps/17-9700/nvidia>
Dell XPS 17 9710, intel only	<nixos-hardware/dell/xps/17-9710/intel>
Framework 11th Gen Intel Core	<nixos-hardware/framework/13-inch/11th-gen-intel>
Framework 12th Gen Intel Core	<nixos-hardware/framework/13-inch/12th-gen-intel>
Framework 13th Gen Intel Core	<nixos-hardware/framework/13-inch/13th-gen-intel>
Framework Intel Core Ultra Series 1	<nixos-hardware/framework/13-inch/intel-core-ultra-series1>
Framework 13 AMD Ryzen 7040 Series	<nixos-hardware/framework/13-inch/7040-amd>
Framework 13 AMD AI 300 Series	<nixos-hardware/framework/13-inch/amd-ai-300-series>
Framework 12 13th Gen Intel Core	<nixos-hardware/framework/12-inch/13th-gen-intel>
Framework 16 AMD Ryzen 7040 Series	<nixos-hardware/framework/16-inch/7040-amd>
Framework 16 AMD Ryzen AI 300 Series	<nixos-hardware/framework/16-inch/amd-ai-300-series>
FriendlyARM NanoPC-T4	<nixos-hardware/friendlyarm/nanopc-t4>
FriendlyARM NanoPi R5s	<nixos-hardware/friendlyarm/nanopi-r5s>
Focus M2 Gen 1	<nixos-hardware/focus/m2/gen1>
Fydetab Duo	<nixos-hardware/fydetab/duo>
Gigabyte B550	<nixos-hardware/gigabyte/b550>
Gigabyte B650	<nixos-hardware/gigabyte/b650>
GMKtec NucBox G3 Plus	<nixos-hardware/gmktec/nucbox/g3-plus>
GPD MicroPC	<nixos-hardware/gpd/micropc>
GPD P2 Max	<nixos-hardware/gpd/p2-max>
GPD Pocket 3	<nixos-hardware/gpd/pocket-3>
GPD Pocket 4	<nixos-hardware/gpd/pocket-4>
GPD WIN 2	<nixos-hardware/gpd/win-2>
GPD WIN Max 2 2023	<nixos-hardware/gpd/win-max-2/2023>
GPD WIN Mini 2024	<nixos-hardware/gpd/win-mini/2024>
Google Pixelbook	<nixos-hardware/google/pixelbook>
HP Elitebook 2560p	<nixos-hardware/hp/elitebook/2560p>
HP Elitebook 830g6	<nixos-hardware/hp/elitebook/830/g6>
HP Elitebook 845g7	<nixos-hardware/hp/elitebook/845/g7>
HP Elitebook 845g8	<nixos-hardware/hp/elitebook/845/g8>
HP Elitebook 845g9	<nixos-hardware/hp/elitebook/845/g9>
HP Laptop 14s-dq2024nf	<nixos-hardware/hp/laptop/14s-dq2024nf>
HP Laptop 15s-fq1xxx	<nixos-hardware/hp/laptop/15s-fq1xxx>
HP Notebook 14-df0023	<nixos-hardware/hp/notebook/14-df0023>
HP Probook 440G5	<nixos-hardware/hp/probook/440G5>
HP Laptop 14s-dq2024nf	<nixos-hardware/hp/laptop/14s-dq2024nf>
HP Probook 460G11	<nixos-hardware/hp/probook/460g11>
Huawei Matebook X Pro (2020)	<nixos-hardware/huawei/machc-wa>
i.MX8QuadMax Multisensory Enablement Kit	<nixos-hardware/nxp/imx8qm-mek>
Intel NUC 5i5RYB	<nixos-hardware/intel/nuc/5i5ryb>
Intel NUC 8i7BEH	<nixos-hardware/intel/nuc/8i7beh>
Intel NUC 12WSHi7	<nixos-hardware/intel/nuc/12wshi7>
Kobol Helios4	<nixos-hardware/kobol/helios4>
Lenovo IdeaCentre K330	<nixos-hardware/lenovo/ideacentre/k330>
Lenovo IdeaPad 3 15alc6	<nixos-hardware/lenovo/ideapad/15alc6>
Lenovo IdeaPad Gaming 3 15arh05	<nixos-hardware/lenovo/ideapad/15arh05>
Lenovo IdeaPad Gaming 3 15ach6	<nixos-hardware/lenovo/ideapad/15ach6>
Lenovo IdeaPad 5 Pro 14imh9	<nixos-hardware/lenovo/ideapad/14imh9>
Lenovo IdeaPad 5 Pro 16ach6	<nixos-hardware/lenovo/ideapad/16ach6>
Lenovo IdeaPad Z510	<nixos-hardware/lenovo/ideapad/z510>
Lenovo IdeaPad Slim 5	<nixos-hardware/lenovo/ideapad/slim-5>
Lenovo IdeaPad Slim 5 16iah8	<nixos-hardware/lenovo/ideapad/16iah8
Lenovo IdeaPad 2-in-1 16ahp9	<nixos-hardware/lenovo/ideapad/16ahp9>
Lenovo IdeaPad S145 15api	<nixos-hardware/lenovo/ideapad/s145-15api>
Lenovo Legion 5 15ach6h	<nixos-hardware/lenovo/legion/15ach6h>
Lenovo Legion 5 15ach6h (Hybrid)	<nixos-hardware/lenovo/legion/15ach6h/hybrid>
Lenovo Legion 5 15ach6h (Nvidia)	<nixos-hardware/lenovo/legion/15ach6h/nvidia>
Lenovo Legion 5 15arh05h	<nixos-hardware/lenovo/legion/15arh05h>
Lenovo Legion 7 Slim 15ach6	<nixos-hardware/lenovo/legion/15ach6>
Lenovo Legion 5 Pro 16ach6h	<nixos-hardware/lenovo/legion/16ach6h>
Lenovo Legion 5 Pro 16ach6h (Hybrid)	<nixos-hardware/lenovo/legion/16ach6h/hybrid>
Lenovo Legion 5 Pro 16ach6h (Nvidia)	<nixos-hardware/lenovo/legion/16ach6h/nvidia>
Lenovo Legion 5 Pro 16arh7h (IGPU Only)	<nixos-hardware/lenovo/legion/16arh7h/igpu-only>
Lenovo Legion 5 Pro 16arh7h (Hybrid)	<nixos-hardware/lenovo/legion/16arh7h/hybrid>
Lenovo Legion 5 Pro 16IAH7H (Intel)	<nixos-hardware/lenovo/legion/16iah7h>
Lenovo Legion 7 16achg6 (Hybrid)	<nixos-hardware/lenovo/legion/16achg6/hybrid>
Lenovo Legion 7 16achg6 (Nvidia)	<nixos-hardware/lenovo/legion/16achg6/nvidia>
Lenovo Legion 7i Pro 16irx8h (Intel)	<nixos-hardware/lenovo/legion/16irx8h>
Lenovo Legion 7 Pro 16irx9h (Intel)	<nixos-hardware/lenovo/legion/16irx9h>
Lenovo Legion Pro 7 16iax10h (Intel)	<nixos-hardware/lenovo/legion/16iax10h>
Lenovo Legion Slim 5	<nixos-hardware/lenovo/legion/16aph8>
Lenovo Legion Slim 7 Gen 7 (AMD)	<nixos-hardware/lenovo/legion/16arha7>
Lenovo Legion T5 AMR5	<nixos-hardware/lenovo/legion/t526amr5>
Lenovo Legion Y530 15ICH	<nixos-hardware/lenovo/legion/15ich>
Lenovo ThinkPad A475	<nixos-hardware/lenovo/thinkpad/a475>
Lenovo ThinkPad E14 (AMD)	<nixos-hardware/lenovo/thinkpad/e14/amd>
Lenovo ThinkPad E14 (Intel - Gen 1)	<nixos-hardware/lenovo/thinkpad/e14/intel>
Lenovo ThinkPad E14 (Intel - Gen 4)	<nixos-hardware/lenovo/thinkpad/e14/intel/gen4>
Lenovo ThinkPad E14 (Intel - Gen 2)	<nixos-hardware/lenovo/thinkpad/e14/intel/gen2>
Lenovo ThinkPad E14 (Intel - Gen 6)	<nixos-hardware/lenovo/thinkpad/e14/intel/gen6>
Lenovo ThinkPad E15 (Intel)	<nixos-hardware/lenovo/thinkpad/e15/intel>
Lenovo ThinkPad E470	<nixos-hardware/lenovo/thinkpad/e470>
Lenovo ThinkPad E495	<nixos-hardware/lenovo/thinkpad/e495>
Lenovo ThinkPad L13 Yoga	<nixos-hardware/lenovo/thinkpad/l13/yoga>
Lenovo ThinkPad L13	<nixos-hardware/lenovo/thinkpad/l13>
Lenovo ThinkPad L14 (AMD)	<nixos-hardware/lenovo/thinkpad/l14/amd>
Lenovo ThinkPad L14 (Intel)	<nixos-hardware/lenovo/thinkpad/l14/intel>
Lenovo ThinkPad L480	<nixos-hardware/lenovo/thinkpad/l480>
Lenovo ThinkPad P1 Gen 3	<nixos-hardware/lenovo/thinkpad/p1/3th-gen>
Lenovo ThinkPad P14s AMD Gen 1	<nixos-hardware/lenovo/thinkpad/p14s/amd/gen1>
Lenovo ThinkPad P14s AMD Gen 2	<nixos-hardware/lenovo/thinkpad/p14s/amd/gen2>
Lenovo ThinkPad P14s AMD Gen 3	<nixos-hardware/lenovo/thinkpad/p14s/amd/gen3>
Lenovo ThinkPad P14s AMD Gen 4	<nixos-hardware/lenovo/thinkpad/p14s/amd/gen4>
Lenovo ThinkPad P14s AMD Gen 5	<nixos-hardware/lenovo/thinkpad/p14s/amd/gen5>
Lenovo ThinkPad P14s Intel Gen 2	<nixos-hardware/lenovo/thinkpad/p14s/intel/gen2>
Lenovo ThinkPad P14s Intel Gen 3	<nixos-hardware/lenovo/thinkpad/p14s/intel/gen3>
Lenovo ThinkPad P14s Intel Gen 5	<nixos-hardware/lenovo/thinkpad/p14s/intel/gen5>
Lenovo ThinkPad P16s AMD Gen 1	<nixos-hardware/lenovo/thinkpad/p16s/amd/gen1>
Lenovo ThinkPad P16s AMD Gen 2	<nixos-hardware/lenovo/thinkpad/p16s/amd/gen2>
Lenovo ThinkPad P16s AMD Gen 4	<nixos-hardware/lenovo/thinkpad/p16s/amd/gen4>
Lenovo ThinkPad P16s Intel Gen 2	<nixos-hardware/lenovo/thinkpad/p16s/intel/gen2>
Lenovo ThinkPad P16s Intel Gen 3	<nixos-hardware/lenovo/thinkpad/p16s/intel/gen3>
Lenovo ThinkPad P1	<nixos-hardware/lenovo/thinkpad/p1>
Lenovo ThinkPad P43s	<nixos-hardware/lenovo/thinkpad/p43s>
Lenovo ThinkPad P50	<nixos-hardware/lenovo/thinkpad/p50>
Lenovo ThinkPad P51	<nixos-hardware/lenovo/thinkpad/p51>
Lenovo ThinkPad P52	<nixos-hardware/lenovo/thinkpad/p52>
Lenovo ThinkPad P53	<nixos-hardware/lenovo/thinkpad/p53>
Lenovo ThinkPad T14 AMD Gen 1	<nixos-hardware/lenovo/thinkpad/t14/amd/gen1>
Lenovo ThinkPad T14 AMD Gen 2	<nixos-hardware/lenovo/thinkpad/t14/amd/gen2>
Lenovo ThinkPad T14 AMD Gen 3	<nixos-hardware/lenovo/thinkpad/t14/amd/gen3>
Lenovo ThinkPad T14 AMD Gen 4	<nixos-hardware/lenovo/thinkpad/t14/amd/gen4>
Lenovo ThinkPad T14 AMD Gen 5	<nixos-hardware/lenovo/thinkpad/t14/amd/gen5>
Lenovo ThinkPad T14	<nixos-hardware/lenovo/thinkpad/t14>
Lenovo ThinkPad T14 Intel Gen 1	<nixos-hardware/lenovo/thinkpad/t14/intel/gen1>
Lenovo ThinkPad T14 Intel Gen 1 (Nvidia)	<nixos-hardware/lenovo/thinkpad/t14/intel/gen1/nvidia>
Lenovo ThinkPad T14 Intel Gen 6	<nixos-hardware/lenovo/thinkpad/t14/intel/gen6>
Lenovo ThinkPad T14s AMD Gen 1	<nixos-hardware/lenovo/thinkpad/t14s/amd/gen1>
Lenovo ThinkPad T14s AMD Gen 4	<nixos-hardware/lenovo/thinkpad/t14s/amd/gen4>
Lenovo ThinkPad T14s	<nixos-hardware/lenovo/thinkpad/t14s>
Lenovo ThinkPad T410	<nixos-hardware/lenovo/thinkpad/t410>
Lenovo ThinkPad T420	<nixos-hardware/lenovo/thinkpad/t420>
Lenovo ThinkPad T430	<nixos-hardware/lenovo/thinkpad/t430>
Lenovo ThinkPad T440p	<nixos-hardware/lenovo/thinkpad/t440p>
Lenovo ThinkPad T440s	<nixos-hardware/lenovo/thinkpad/t440s>
Lenovo ThinkPad T450s	<nixos-hardware/lenovo/thinkpad/t450s>
Lenovo ThinkPad T460	<nixos-hardware/lenovo/thinkpad/t460>
Lenovo ThinkPad T460p	<nixos-hardware/lenovo/thinkpad/t460p>
Lenovo ThinkPad T460s	<nixos-hardware/lenovo/thinkpad/t460s>
Lenovo ThinkPad T470s	<nixos-hardware/lenovo/thinkpad/t470s>
Lenovo ThinkPad T480	<nixos-hardware/lenovo/thinkpad/t480>
Lenovo ThinkPad T480s	<nixos-hardware/lenovo/thinkpad/t480s>
Lenovo ThinkPad T490	<nixos-hardware/lenovo/thinkpad/t490>
Lenovo ThinkPad T490s	<nixos-hardware/lenovo/thinkpad/t490s>
Lenovo ThinkPad T495	<nixos-hardware/lenovo/thinkpad/t495>
Lenovo ThinkPad T520	<nixos-hardware/lenovo/thinkpad/t520>
Lenovo ThinkPad T550	<nixos-hardware/lenovo/thinkpad/t550>
Lenovo ThinkPad T590	<nixos-hardware/lenovo/thinkpad/t590>
Lenovo ThinkPad W520	<nixos-hardware/lenovo/thinkpad/w520>
Lenovo ThinkPad X1 Yoga	<nixos-hardware/lenovo/thinkpad/x1/yoga>
Lenovo ThinkPad X1 Yoga Gen 7	<nixos-hardware/lenovo/thinkpad/x1/yoga/7th-gen>
Lenovo ThinkPad X1 Yoga Gen 8	<nixos-hardware/lenovo/thinkpad/x1/yoga/8th-gen>
Lenovo ThinkPad X1 (2nd Gen)	<nixos-hardware/lenovo/thinkpad/x1/2nd-gen>
Lenovo ThinkPad X1 (6th Gen)	<nixos-hardware/lenovo/thinkpad/x1/6th-gen>
Lenovo ThinkPad X1 (7th Gen)	<nixos-hardware/lenovo/thinkpad/x1/7th-gen>
Lenovo ThinkPad X1 (9th Gen)	<nixos-hardware/lenovo/thinkpad/x1/9th-gen>
Lenovo ThinkPad X1 (10th Gen)	<nixos-hardware/lenovo/thinkpad/x1/10th-gen>
Lenovo ThinkPad X1 (11th Gen)	<nixos-hardware/lenovo/thinkpad/x1/11th-gen>
Lenovo ThinkPad X1 (12th Gen)	<nixos-hardware/lenovo/thinkpad/x1/12th-gen>
Lenovo ThinkPad X1 (13th Gen)	<nixos-hardware/lenovo/thinkpad/x1/13th-gen>
Lenovo ThinkPad X1 Extreme Gen 2	<nixos-hardware/lenovo/thinkpad/x1-extreme/gen2>
Lenovo ThinkPad X1 Extreme Gen 3	<nixos-hardware/lenovo/thinkpad/x1-extreme/gen3>
Lenovo ThinkPad X1 Extreme Gen 4	<nixos-hardware/lenovo/thinkpad/x1-extreme/gen4>
Lenovo ThinkPad X1 Nano Gen 1	<nixos-hardware/lenovo/thinkpad/x1-nano/gen1>
Lenovo ThinkPad X13s	<nixos-hardware/lenovo/thinkpad/x13s>
Lenovo ThinkPad X13 Yoga	<nixos-hardware/lenovo/thinkpad/x13/yoga>
Lenovo ThinkPad X13 Yoga (3th Gen)	<nixos-hardware/lenovo/thinkpad/x13/yoga/3th-gen>
Lenovo ThinkPad X13 (Intel)	<nixos-hardware/lenovo/thinkpad/x13/intel>
Lenovo ThinkPad X13 (AMD)	<nixos-hardware/lenovo/thinkpad/x13/amd>
Lenovo ThinkPad X140e	<nixos-hardware/lenovo/thinkpad/x140e>
Lenovo ThinkPad X200s	<nixos-hardware/lenovo/thinkpad/x200s>
Lenovo ThinkPad X220	<nixos-hardware/lenovo/thinkpad/x220>
Lenovo ThinkPad X230	<nixos-hardware/lenovo/thinkpad/x230>
Lenovo ThinkPad X250	<nixos-hardware/lenovo/thinkpad/x250>
Lenovo ThinkPad X260	<nixos-hardware/lenovo/thinkpad/x260>
Lenovo ThinkPad X270	<nixos-hardware/lenovo/thinkpad/x270>
Lenovo ThinkPad X280	<nixos-hardware/lenovo/thinkpad/x280>
Lenovo ThinkPad X390	<nixos-hardware/lenovo/thinkpad/x390>
Lenovo ThinkPad Z Series	<nixos-hardware/lenovo/thinkpad/z>
Lenovo ThinkPad Z13 Gen 1	<nixos-hardware/lenovo/thinkpad/z/gen1/z13>
Lenovo ThinkPad Z13 Gen 2	<nixos-hardware/lenovo/thinkpad/z/gen2/z13>
Lenovo XiaoXin Pro 14imh9 2024	<nixos-hardware/lenovo/ideapad/14imh9>
LENOVO Yoga 6 13ALC6 82ND	<nixos-hardware/lenovo/yoga/6/13ALC6>
LENOVO Yoga Slim 7 Pro-X 14ARH7 82ND	<nixos-hardware/lenovo/yoga/7/14ARH7/amdgpu>
LENOVO Yoga Slim 7 Pro-X 14ARH7 82ND	<nixos-hardware/lenovo/yoga/7/14ARH7/nvidia>
Lenovo Yoga Slim 7i Pro X 14IAH7 (Integrated)	<nixos-hardware/lenovo/yoga/7/14IAH7/integrated>
Lenovo Yoga Slim 7i Pro X 14IAH7 (Hybrid)	<nixos-hardware/lenovo/yoga/7/14IAH7/hybrid>
Lenovo Yoga Slim 7 14ILL10	<nixos-hardware/lenovo/yoga/7/14ILL10>
LENOVO Yoga 7 Slim Gen8	<nixos-hardware/lenovo/yoga/7/slim/gen8>
Linglong Nova Studio	<nixos-hardware/linglong/nova-studio>
MSI B550-A PRO	<nixos-hardware/msi/b550-a-pro>
MSI B350 TOMAHAWK	<nixos-hardware/msi/b350-tomahawk>
MSI B550 TOMAHAWK	<nixos-hardware/msi/b550-tomahawk>
MSI GS60 2QE	<nixos-hardware/msi/gs60>
MSI GL62/CX62	<nixos-hardware/msi/gl62>
MSI GL65 10SDR-492	<nixos-hardware/msi/gl65/10SDR-492>
Malibal Aon S1	
Microchip Icicle Kit	<nixos-hardware/microchip/icicle-kit>
Microsoft Surface Go	<nixos-hardware/microsoft/surface/surface-go>
Microsoft Surface Pro (Intel)	<nixos-hardware/microsoft/surface/surface-pro-intel>
Microsoft Surface Laptop (AMD)	<nixos-hardware/microsoft/surface/surface-laptop-amd>
Microsoft Surface Range (Common Modules)	<nixos-hardware/microsoft/surface/common>
Microsoft Surface Pro 3	<nixos-hardware/microsoft/surface-pro/3>
Microsoft Surface Pro 9	<nixos-hardware/microsoft/surface-pro/9>
Milk-V Pioneer	<nixos-hardware/milkv/pioneer>
Morefine M600	<nixos-hardware/morefine/m600>
Minisforum UM690	<nixos-hardware/minisforum/um690>
Minisforum UM690S	<nixos-hardware/minisforum/um690s>
Minisforum UM790 Pro	<nixos-hardware/minisforum/um790-pro>
Minisforum V3	<nixos-hardware/minisforum/v3>
MNT Reform with RK3588 module	<nixos-hardware/mnt/reform/rk3588
MECHREVO Yilong15Pro	<nixos-hardware/mechrevo/GM5HG0A>
NXP iMX8 MPlus Evaluation Kit	<nixos-hardware/nxp/imx8mp-evk>
NXP iMX8 MQuad Evaluation Kit	<nixos-hardware/nxp/imx8mq-evk>
Hardkernel Odroid HC4	<nixos-hardware/hardkernel/odroid-hc4>
Hardkernel Odroid H3	<nixos-hardware/hardkernel/odroid-h3>
Hardkernel Odroid H4	<nixos-hardware/hardkernel/odroid-h4>
Hardkernel Odroid M1	<nixos-hardware/hardkernel/odroid-m1>
Olimex TERES-I	<nixos-hardware/olimex/teres_i>
Omen 14-fb0798ng	<nixos-hardware/omen/14-fb0798ng>
Omen 15-ce002ns	<nixos-hardware/omen/15-ce002ns>
Omen 15-en0010ca	<nixos-hardware/omen/15-en0010ca>
Omen 16-n0005ne	<nixos-hardware/omen/16-n0005ne>
Omen 16-n0280nd	<nixos-hardware/omen/16-n0280nd>
Omen 15-en1007sa	<nixos-hardware/omen/15-en1007sa>
Omen 15-en0002np	<nixos-hardware/omen/15-en0002np>
One-Netbook OneNetbook 4	<nixos-hardware/onenetbook/4>
Panasonic Let's Note CF-LX3	<nixos-hardware/panasonic/letsnote/cf-lx3>
Panasonic Let's Note CF-LX4	<nixos-hardware/panasonic/letsnote/cf-lx4>
PC Engines APU	<nixos-hardware/pcengines/apu>
PINE64 Pinebook Pro	<nixos-hardware/pine64/pinebook-pro>
PINE64 RockPro64	<nixos-hardware/pine64/rockpro64>
PINE64 STAR64	<nixos-hardware/pine64/star64>
Protectli VP4670	<nixos-hardware/protectli/vp4670>
Purism Librem 13v3	<nixos-hardware/purism/librem/13v3>
Purism Librem 15v3	<nixos-hardware/purism/librem/15v3>
Purism Librem 5r4	<nixos-hardware/purism/librem/5r4>
Radxa ROCK 4C+	<nixos-hardware/radxa/rock-4c-plus>
Radxa ROCK 5 Model B	<nixos-hardware/radxa/rock-5b>
Radxa ROCK Pi 4	<nixos-hardware/radxa/rock-pi-4>
Radxa ROCK Pi E	<nixos-hardware/radxa/rock-pi-e>
Razer Blade 14 (RZ09-0530)	<nixos-hardware/razer/blade/14/RZ09-0530>
Raspberry Pi 2	<nixos-hardware/raspberry-pi/2>
Raspberry Pi 3	<nixos-hardware/raspberry-pi/3>
Raspberry Pi 4	<nixos-hardware/raspberry-pi/4>
Raspberry Pi 5	<nixos-hardware/raspberry-pi/5>
Samsung Series 9 NP900X3C	<nixos-hardware/samsung/np900x3c>
Slimbook Hero RPL-RTX	<nixos-hardware/slimbook/hero/rpl-rtx>
StarFive VisionFive v1	<nixos-hardware/starfive/visionfive/v1>
StarFive VisionFive 2	<nixos-hardware/starfive/visionfive/v2>
StarLabs StarLite 5 (I5)	<nixos-hardware/starlabs/starlite/i5>
Supermicro A1SRi-2758F	<nixos-hardware/supermicro/a1sri-2758f>
Supermicro M11SDV-8C-LN4F	<nixos-hardware/supermicro/m11sdv-8c-ln4f>
Supermicro X10SLL-F	<nixos-hardware/supermicro/x10sll-f>
Supermicro X12SCZ-TLN4F	<nixos-hardware/supermicro/x12scz-tln4f>
System76 (generic)	<nixos-hardware/system76>
System76 Darter Pro 6	<nixos-hardware/system76/darp6>
System76 Gazelle 18	<nixos-hardware/system76/gaze18>
System76 Galago Pro 3	<nixos-hardware/system76/galp3>
System76 Galago Pro 5	<nixos-hardware/system76/galp5-1650>
System76 Thelio Mega	<nixos-hardware/system76/thelio-mega>
Toshiba Chromebook 2 swanky	<nixos-hardware/toshiba/swanky>
Tuxedo InfinityBook v4	<nixos-hardware/tuxedo/infinitybook/v4>
TUXEDO Aura 15 - Gen1	<nixos-hardware/tuxedo/aura/15/gen1>
TUXEDO InfinityBook Pro 14 - Gen7	<nixos-hardware/tuxedo/infinitybook/pro14/gen7>
TUXEDO InfinityBook Pro 14 - Gen9 - AMD	<nixos-hardware/tuxedo/infinitybook/pro14/gen9/amd>
TUXEDO InfinityBook Pro 14 - Gen9 - INTEL	<nixos-hardware/tuxedo/infinitybook/pro14/gen9/intel>
TUXEDO Pulse 14 - Gen3	<nixos-hardware/tuxedo/pulse/14/gen3>
TUXEDO Pulse 15 - Gen2	<nixos-hardware/tuxedo/pulse/15/gen2>
Xiaomi Redmibook 15 Pro 2021	<nixos-hardware/xiaomi/redmibook/15-pro-2021>
Xiaomi Redmibook 16 Pro 2024	<nixos-hardware/xiaomi/redmibook/16-pro-2024>
